AssetID,AssetType,AssetName
1,Stock,Thomas-Griffin
2,Bond,"Harris, Moreno and Wang"
3,Derivative,Jenkins-Lamb
4,Stock,"Hardy, Lee and Sanchez"
5,Derivative,Green Inc
6,Commodity,"Bush, White and Ramsey"
7,Derivative,"Smith, Thomas and Vargas"
8,Commodity,Hall-Cooke
9,Bond,"Dyer, Brown and Woods"
10,Derivative,Dominguez-Miller
11,Stock,"Mcdonald, Garcia and Lindsey"
12,Stock,"Howell, Kennedy and Green"
13,Bond,Campbell LLC
14,Bond,"Bird, Morris and Walker"
15,Commodity,Graves-Fisher
16,Derivative,Kelley and Sons
17,Bond,Lewis-Harrington
18,Commodity,"Mason, Acosta and Farmer"
19,Commodity,Holmes-Leon
20,Bond,"Wood, Perez and Adams"
21,Derivative,"Harris, Rice and Davis"
22,Stock,Williams and Sons
23,Commodity,"Molina, Baxter and Garcia"
24,Commodity,Conway Inc
25,Stock,"Allen, Ritter and Barton"
26,Commodity,"Vincent, Fisher and Hall"
27,Derivative,Golden-Serrano
28,Stock,Abbott Group
29,Stock,"Strickland, Gray and Butler"
30,Commodity,Huber-Garcia
31,Commodity,Taylor-Peterson
32,Stock,Ford LLC
33,Stock,"Gomez, Lee and Saunders"
34,Commodity,"Lopez, Cook and Moore"
35,Derivative,Brown-Mason
36,Bond,"Harris, Scott and Oconnell"
37,Stock,"Clark, Garcia and Gutierrez"
38,Stock,Valdez Group
39,Bond,Mccarthy-Hall
40,Derivative,Miles Inc
41,Derivative,Moore-Morris
42,Stock,Lee-Haynes
43,Derivative,Lucas and Sons
44,Stock,"Frye, Nolan and Dickson"
45,Commodity,"Brown, Duke and Graham"
46,Commodity,"Hodges, Dickerson and Barnes"
47,Bond,"Bautista, Thompson and Rojas"
48,Stock,Owens-Nelson
49,Derivative,"Williams, Bishop and Arnold"
50,Stock,Benjamin-Beck
51,Commodity,Good-Pena
52,Derivative,Evans-Gould
53,Bond,Malone Inc
54,Commodity,Ford-Nguyen
55,Stock,Lang Inc
56,Stock,Rodriguez-Manning
57,Stock,Gomez Group
58,Commodity,Ferguson Inc
59,Bond,"Frye, Brown and Dudley"
60,Commodity,Pennington Inc
61,Bond,Reese-Morris
62,Commodity,Thomas Group
63,Bond,Sandoval-Munoz
64,Derivative,Campbell PLC
65,Derivative,Buckley Inc
66,Bond,"Sanders, Mann and Reed"
67,Commodity,"Phillips, Kirby and Hall"
68,Commodity,Bishop-Richards
69,Bond,Johnston Ltd
70,Bond,Gardner and Sons
71,Derivative,Ramos Ltd
72,Bond,"Hall, Hahn and Carlson"
73,Bond,"Smith, Foster and Ellis"
74,Stock,Sexton Group
75,Commodity,Wilson-Warner
76,Stock,"Evans, Mcpherson and Payne"
77,Commodity,Lamb-Hudson
78,Stock,Gonzalez-Norton
79,Bond,Ware-Fry
80,Stock,Murphy PLC
81,Stock,Frazier LLC
82,Stock,Harris-Shepard
83,Bond,Dorsey-Taylor
84,Commodity,Lowery-Spencer
85,Stock,"Nunez, Obrien and Pham"
86,Bond,Larsen and Sons
87,Bond,Johnson-Chandler
88,Commodity,Gaines-Keller
89,Stock,Graham-Peterson
90,Stock,"Hines, Carrillo and Luna"
91,Commodity,Burns Group
92,Bond,Hampton Inc
93,Commodity,Brady-Guerra
94,Derivative,"Smith, Morgan and Duncan"
95,Stock,Hoover Group
96,Stock,Smith PLC
97,Stock,"Patterson, Williams and Munoz"
98,Bond,Sexton-Benton
99,Commodity,"Deleon, Lopez and Mcdowell"
100,Commodity,"Roberts, Thomas and Hayden"
101,Commodity,Lee-Taylor
102,Derivative,Smith Group
103,Stock,Schneider-Hartman
104,Bond,"Gonzalez, Christensen and Clark"
105,Stock,Mccall-Welch
106,Bond,Davila Group
107,Derivative,Kelly PLC
108,Stock,Burns Ltd
109,Stock,Horton-Walls
110,Commodity,"Allen, Wright and Gordon"
111,Commodity,Young-Franklin
112,Bond,Moss-Snyder
113,Derivative,King-Ramirez
114,Bond,"Anderson, Gallegos and Browning"
115,Bond,Robinson-Hawkins
116,Stock,Kent Group
117,Bond,Hood Inc
118,Stock,"Wiggins, West and Fernandez"
119,Stock,Sanders-Rodriguez
120,Stock,"Colon, Crane and Simpson"
121,Derivative,Jones-Jones
122,Bond,"Harrison, Barnes and Harris"
123,Bond,Chavez-Parks
124,Stock,Sanchez PLC
125,Commodity,Alvarado-Love
126,Derivative,"James, Nguyen and Lopez"
127,Bond,Bray-Charles
128,Stock,"Myers, Walsh and Torres"
129,Derivative,"Becker, White and Fisher"
130,Stock,Thomas-Fleming
131,Commodity,Peters Group
132,Bond,Bradshaw-Miller
133,Commodity,Long-Alexander
134,Bond,"Elliott, Oconnell and Marquez"
135,Stock,"Thompson, Miller and Gregory"
136,Bond,Lewis Inc
137,Bond,"Dominguez, Hunt and Davis"
138,Derivative,Thompson Ltd
139,Derivative,"Cooper, Mcpherson and Williams"
140,Derivative,"Hamilton, Burns and Romero"
141,Commodity,Smith LLC
142,Derivative,"Burton, Thomas and Gonzalez"
143,Stock,"Tucker, Curry and Vargas"
144,Commodity,James-Patel
145,Derivative,Hart-Edwards
146,Commodity,"Barnett, Phillips and Garcia"
147,Derivative,Thomas-Welch
148,Commodity,Morgan and Sons
149,Bond,Stevens-Smith
150,Derivative,Cruz LLC
151,Derivative,Horn Ltd
152,Commodity,Anderson-Luna
153,Derivative,Marshall-Sharp
154,Stock,Carpenter-Valencia
155,Derivative,Park-Molina
156,Commodity,"Martin, Lewis and Moss"
157,Derivative,Adams Group
158,Bond,Henderson-Weber
159,Bond,Parker-Perez
160,Stock,"Yu, Buchanan and Jacobson"
161,Derivative,"Alvarado, West and Anderson"
162,Bond,Marquez-Briggs
163,Derivative,"Hayes, Downs and Burch"
164,Bond,Edwards-Franco
165,Commodity,Zhang and Sons
166,Stock,Dominguez PLC
167,Commodity,"Henderson, Salinas and Everett"
168,Commodity,Perez Ltd
169,Bond,Schultz-White
170,Commodity,Mitchell PLC
171,Stock,"Buck, Keith and Turner"
172,Stock,Peterson PLC
173,Derivative,"Mcdonald, Avila and Collins"
174,Derivative,Johnson and Sons
175,Bond,Perry-Herman
176,Stock,Weeks Group
177,Bond,Martinez Group
178,Derivative,Fitzpatrick LLC
179,Commodity,Rogers-Lawson
180,Derivative,"Casey, Long and Stevenson"
181,Commodity,"Harvey, Brooks and Arnold"
182,Derivative,"Howe, Ramirez and Ramirez"
183,Commodity,Allison and Sons
184,Derivative,Leblanc-Allen
185,Bond,Marquez Inc
186,Commodity,Davis and Sons
187,Stock,Rivera PLC
188,Stock,Stephens LLC
189,Stock,Wall Inc
190,Commodity,Davis Inc
191,Bond,Mejia-Welch
192,Bond,"Lowery, Erickson and Woods"
193,Bond,"Mckinney, Webb and Ballard"
194,Commodity,Carter-Garcia
195,Commodity,Jefferson LLC
196,Stock,"Young, Snyder and Martin"
197,Commodity,Henderson-Cummings
198,Commodity,Pham Inc
199,Commodity,Trujillo-Palmer
200,Stock,Phillips LLC
201,Derivative,"Ramos, Blackburn and Jackson"
202,Derivative,"Sutton, Griffin and Gordon"
203,Bond,"Turner, Maxwell and Ortega"
204,Bond,"Mercer, Brown and Williams"
205,Bond,"Dawson, Atkins and Humphrey"
206,Derivative,"Wilson, Peters and Brooks"
207,Commodity,Thompson Ltd
208,Commodity,"Carter, Nash and Brown"
209,Commodity,"Jacobs, Diaz and Farmer"
210,Stock,"Kelley, Sharp and Smith"
211,Commodity,Gonzales and Sons
212,Commodity,"Salazar, Keller and Dominguez"
213,Bond,Gonzalez-Butler
214,Derivative,"Church, Gibbs and Sanders"
215,Derivative,Myers-Sanchez
216,Commodity,Fisher Group
217,Derivative,Beasley-Gonzalez
218,Bond,Williams-Morales
219,Bond,Simmons LLC
220,Derivative,Fitzgerald Group
221,Bond,"Moran, Thompson and Parker"
222,Commodity,Scott-Harris
223,Commodity,Miller PLC
224,Stock,Rogers and Sons
225,Derivative,Warren-Gordon
226,Derivative,Cox-Guzman
227,Stock,Green-Griffin
228,Commodity,Miller LLC
229,Commodity,Gonzalez-Turner
230,Derivative,Hall-Jones
231,Stock,Wilson-Hoover
232,Stock,Bailey-Leach
233,Stock,"Robinson, Andrews and Liu"
234,Commodity,"Rose, Ramirez and Lewis"
235,Commodity,Robinson-Michael
236,Commodity,"Salinas, Mckee and Blake"
237,Commodity,"Turner, Tran and Gordon"
238,Derivative,"Lopez, Mcmahon and Johnson"
239,Derivative,Buchanan Inc
240,Stock,Baldwin LLC
241,Stock,Smith Ltd
242,Commodity,Brown and Sons
243,Stock,"Alvarez, Craig and Anderson"
244,Stock,"Harrison, Ramirez and Hodges"
245,Stock,Arellano-Pierce
246,Commodity,Taylor Inc
247,Commodity,Adkins-Coleman
248,Bond,Salinas-Salinas
249,Stock,Hall Inc
250,Stock,Reid-Richardson
251,Stock,Miller-Jones
252,Derivative,Garcia Inc
253,Bond,Stone-Ball
254,Commodity,Nelson-Hicks
255,Derivative,"Price, Smith and Cook"
256,Stock,Mayer-Joseph
257,Bond,Townsend Group
258,Commodity,Vasquez-Fuentes
259,Stock,Stewart-Byrd
260,Stock,Hernandez-Ramos
261,Commodity,"Rollins, Williams and Guerrero"
262,Stock,"Robbins, Walls and Hernandez"
263,Stock,Rodriguez and Sons
264,Stock,Ryan-Rice
265,Stock,Cochran and Sons
266,Bond,"Aguilar, Holland and Carlson"
267,Bond,"Jackson, Greene and Huerta"
268,Derivative,Castillo-Stone
269,Derivative,"Hess, Collins and Weber"
270,Stock,Crawford PLC
271,Derivative,Curry and Sons
272,Derivative,Taylor-Mcintosh
273,Commodity,Coleman-Knight
274,Stock,Martinez-Pacheco
275,Stock,Cortez-Harris
276,Bond,"Meyer, Chapman and Rowe"
277,Stock,"Brooks, Kerr and Perkins"
278,Stock,Gonzalez-Burton
279,Commodity,Williams-Wilkinson
280,Bond,"Bryant, Peck and Mason"
281,Derivative,"Jordan, Wong and Rogers"
282,Derivative,Lopez-Mitchell
283,Commodity,Gilbert Ltd
284,Commodity,Hester Ltd
285,Commodity,Gallagher-Fry
286,Commodity,Wilson and Sons
287,Bond,Bond and Sons
288,Commodity,Young Inc
289,Derivative,"Morgan, Graham and Burke"
290,Stock,Reed and Sons
291,Stock,Foster LLC
292,Commodity,Lopez-Franco
293,Commodity,"Nelson, Velazquez and Patterson"
294,Stock,Joyce LLC
295,Commodity,Graham-Campbell
296,Derivative,Herrera-Reyes
297,Bond,"Thompson, Walker and Hutchinson"
298,Derivative,Johnson Inc
299,Commodity,"Clarke, Murphy and Hunter"
300,Stock,"Waters, Hays and Chambers"
301,Bond,Wolfe-Greer
302,Stock,York-Day
303,Stock,Delacruz-Hernandez
304,Derivative,Rodgers-Cruz
305,Derivative,"Murray, Jones and Huffman"
306,Stock,Brooks Inc
307,Derivative,Griffin Group
308,Derivative,Adams-Pierce
309,Derivative,Reyes-Weaver
310,Derivative,"Henderson, Baker and White"
311,Bond,"Ortiz, Mccoy and Cobb"
312,Bond,Brewer Inc
313,Commodity,Jones Inc
314,Stock,"Chandler, Johnson and Frost"
315,Commodity,Stein-Jimenez
316,Commodity,"Owens, Davenport and Haynes"
317,Commodity,Gonzalez Inc
318,Derivative,"Hill, Villa and Murphy"
319,Bond,Perry Group
320,Derivative,"Graham, Carter and Edwards"
321,Derivative,Miller PLC
322,Commodity,Fischer Ltd
323,Commodity,Gomez-Wright
324,Stock,Cervantes and Sons
325,Commodity,Sullivan LLC
326,Stock,Combs LLC
327,Stock,Brown-Murphy
328,Bond,Herrera LLC
329,Stock,Gutierrez Ltd
330,Stock,Anderson-Miller
331,Commodity,Thomas LLC
332,Bond,Turner-Ewing
333,Commodity,Hardin and Sons
334,Stock,"Ryan, Wallace and Vazquez"
335,Stock,Richards-Ortega
336,Stock,"Cole, Mills and Berger"
337,Stock,Benjamin Ltd
338,Commodity,"Cooper, Hunter and Burch"
339,Stock,Chapman-Savage
340,Stock,Conrad Group
341,Commodity,Salazar Inc
342,Derivative,Harding-White
343,Stock,"Hunt, Silva and Baldwin"
344,Bond,"Jackson, Mata and Jones"
345,Bond,"Campos, Jordan and Reed"
346,Stock,Boyle Group
347,Bond,Long-Smith
348,Stock,Herrera and Sons
349,Bond,English-Watts
350,Bond,Bennett-Gardner
351,Derivative,Francis LLC
352,Derivative,Baker Inc
353,Stock,"Mcdonald, Kaiser and Henderson"
354,Derivative,Reynolds-Valdez
355,Commodity,Sellers Ltd
356,Commodity,Taylor LLC
357,Bond,Walker-Thomas
358,Derivative,Santos-Nixon
359,Commodity,"Fowler, Johnson and Taylor"
360,Derivative,"Cook, Thompson and Wagner"
361,Derivative,"Barron, Jones and Cunningham"
362,Commodity,"Jones, Bass and Kemp"
363,Bond,"Ramos, Washington and Gonzalez"
364,Commodity,"Potts, Lewis and Buck"
365,Commodity,Cole Inc
366,Derivative,Carter-Thomas
367,Stock,"Anderson, Hayes and Martinez"
368,Bond,"Shaw, Patterson and Jones"
369,Stock,Rodriguez-Cohen
370,Stock,"Anderson, Sims and Rowland"
371,Stock,"Wells, Edwards and Brandt"
372,Commodity,"Johnson, Delgado and Williams"
373,Derivative,Turner and Sons
374,Bond,Williams-Perkins
375,Commodity,"Miller, Rosales and Serrano"
376,Commodity,Sanchez-Wilson
377,Bond,Thomas-Paul
378,Commodity,Jenkins-Murray
379,Bond,Sanchez and Sons
380,Stock,Myers-Watson
381,Bond,Smith-Norman
382,Commodity,Phillips Ltd
383,Derivative,Payne LLC
384,Commodity,Carter-Chambers
385,Derivative,"May, Goodman and Haley"
386,Derivative,"Murphy, Pruitt and Elliott"
387,Commodity,Smith Group
388,Derivative,Harris-Martinez
389,Bond,Torres-Leon
390,Commodity,Gomez-Hansen
391,Stock,Charles-White
392,Derivative,"Malone, Cunningham and Graves"
393,Stock,Flores Ltd
394,Stock,"Price, Wong and Hansen"
395,Stock,Smith-Mosley
396,Derivative,Huber Group
397,Bond,Bailey-Ramirez
398,Bond,Johnson Ltd
399,Commodity,Yang-Williams
400,Derivative,Ramirez-Robertson
401,Stock,Collins LLC
402,Stock,Mccormick-Daniels
403,Stock,Pena and Sons
404,Commodity,Meyer Group
405,Stock,"Martinez, Edwards and Luna"
406,Bond,Richardson and Sons
407,Stock,Spence-Pitts
408,Commodity,"Dudley, Graham and Parks"
409,Stock,Davis-Chen
410,Commodity,Sharp-Burnett
411,Commodity,Young Group
412,Commodity,Bryan LLC
413,Derivative,"Baker, Khan and Stanley"
414,Commodity,"Cameron, Sullivan and Scott"
415,Bond,Daniel Ltd
416,Commodity,Shepherd-Taylor
417,Derivative,Vasquez-Estrada
418,Stock,Johnson Inc
419,Derivative,"Joseph, Barnett and Wagner"
420,Commodity,"Moody, Nguyen and Sweeney"
421,Bond,Norman and Sons
422,Stock,"Robinson, Martinez and Chen"
423,Commodity,Marshall Ltd
424,Bond,"Williams, Lyons and Bruce"
425,Bond,Allen Ltd
426,Commodity,Ellis-Johns
427,Bond,"Hanson, Hughes and Garcia"
428,Stock,Frederick LLC
429,Derivative,Davis LLC
430,Bond,Berry-Meadows
431,Commodity,Buchanan Inc
432,Commodity,Casey Inc
433,Commodity,Decker LLC
434,Bond,Fields Group
435,Commodity,Williamson and Sons
436,Bond,Bartlett-Clark
437,Stock,Ingram and Sons
438,Derivative,White-Johnson
439,Bond,"Calhoun, Clark and Ramos"
440,Commodity,Jacobson Ltd
441,Commodity,"Gonzalez, Hall and Odonnell"
442,Bond,"Cisneros, Lewis and Paul"
443,Derivative,Potter-Gonzales
444,Stock,Miles Inc
445,Commodity,Morgan LLC
446,Stock,"Guerrero, Henson and Fisher"
447,Commodity,Saunders PLC
448,Derivative,"Smith, Murphy and Miller"
449,Commodity,Smith-Morales
450,Commodity,Henderson-Martinez
451,Commodity,Adams PLC
452,Stock,"Johnson, Montgomery and Simon"
453,Derivative,Wyatt-Hunt
454,Bond,Jackson-Figueroa
455,Derivative,Bell-Rosario
456,Derivative,Rodriguez Inc
457,Bond,"Mitchell, Lee and Williams"
458,Stock,Parker Inc
459,Commodity,"Cain, Johnson and Brown"
460,Derivative,"Harris, Bates and Johns"
461,Bond,Murray-Wells
462,Derivative,"Snyder, Delacruz and Stewart"
463,Commodity,"Jefferson, Thomas and Gomez"
464,Derivative,Hester and Sons
465,Bond,Beard PLC
466,Bond,"Mcdonald, Soto and Rodriguez"
467,Derivative,Richardson-Larsen
468,Bond,Williams LLC
469,Bond,"Wade, Rodriguez and Frazier"
470,Derivative,Brown-Sims
471,Bond,Cooper-Trevino
472,Bond,"Key, Garcia and Daugherty"
473,Commodity,"Wolfe, Ryan and Armstrong"
474,Derivative,"Wagner, Allen and Vaughn"
475,Bond,Wise and Sons
476,Derivative,"Williams, Woodard and Hill"
477,Bond,Moreno-Garcia
478,Stock,Johnson and Sons
479,Derivative,Booth Group
480,Bond,Robinson PLC
481,Stock,Nguyen-Smith
482,Bond,Glass-Higgins
483,Bond,Duncan Group
484,Stock,"Williams, Taylor and Martin"
485,Commodity,Carlson-Ewing
486,Commodity,Mccann-Hurley
487,Derivative,"Anderson, Reyes and Maxwell"
488,Commodity,"Thomas, Carter and Johnson"
489,Commodity,Rose Group
490,Stock,Ramsey PLC
491,Commodity,Higgins and Sons
492,Commodity,Perkins PLC
493,Bond,Huang-Rice
494,Derivative,"Fields, Price and Potter"
495,Stock,Allison Ltd
496,Commodity,Price-Taylor
497,Commodity,Perry-Smith
498,Commodity,George-Thomas
499,Stock,"Nguyen, Schaefer and Davis"
500,Commodity,"Ball, Castro and Lang"
