InvestorID,Name,Email,Country
1,Crystal Peterson,owensdaniel@example.org,Belarus
2,Michelle Schmidt,jamesanderson@example.org,Peru
3,Cindy Roberts,cindymcfarland@example.org,Guernsey
4,Angelica Craig,megan68@example.org,Brunei Darussalam
5,Jesus Briggs,whitney16@example.com,French Guiana
6,Christopher Ortiz,otaylor@example.org,Pakistan
7,Diana Flores,zunigacody@example.org,Haiti
8,Craig Peters,stewartlauren@example.com,Seychelles
9,William Griffin,nroberts@example.net,French Guiana
10,Maria Wood,lindsey46@example.net,Argentina
11,Blake Padilla,keithjohnson@example.com,Kenya
12,Matthew Wheeler,brucetucker@example.org,Cameroon
13,Keith Bernard,vincent72@example.org,Reunion
14,Michael Pierce DVM,ashleysweeney@example.org,Costa Rica
15,Mark Scott,uweaver@example.org,Marshall Islands
16,Sophia Johnson,davidgarza@example.net,Oman
17,Bryan Rowland,dennismorse@example.com,Holy See (Vatican City State)
18,Julia Jackson,martinezanthony@example.com,Croatia
19,Gabriel Ramirez Jr.,ocooper@example.org,Vanuatu
20,Gabrielle Bailey,scottjackson@example.com,Burundi
21,Jessica Mullins,james81@example.org,Solomon Islands
22,Angela Young,jasonlong@example.org,Ukraine
23,Lucas Sanchez,chadmullins@example.net,Cocos (Keeling) Islands
24,Michael Watson,brooksalexandra@example.com,Liechtenstein
25,Heather Smith DDS,bartlettchristine@example.org,Macao
26,Alicia Little PhD,johnsonmary@example.org,Spain
27,Taylor Powell,nhamilton@example.org,Haiti
28,Rebecca Collins,carol13@example.org,Czech Republic
29,Jennifer Elliott,jessicareed@example.com,Lebanon
30,Julia Thomas,petersdouglas@example.net,Uzbekistan
31,Ernest Grant,moorejason@example.org,Reunion
32,Kimberly Bowman,imedina@example.net,Dominican Republic
33,David Velasquez,cassandra33@example.com,India
34,Victoria Larson,gerald13@example.org,New Caledonia
35,Sandra Norris,justinhampton@example.com,Hong Kong
36,Hannah Robinson,rnewman@example.com,Montenegro
37,Mindy Lloyd,amandatran@example.org,United Arab Emirates
38,Jonathan Tate,adrian06@example.com,South Georgia and the South Sandwich Islands
39,Jimmy Myers,goodmatthew@example.org,Papua New Guinea
40,Joseph Tanner,ojohnson@example.net,British Virgin Islands
41,Thomas Cook,ghiggins@example.net,Barbados
42,Eric Hess,daniel33@example.net,Korea
43,Jennifer Brandt,zfleming@example.org,Tajikistan
44,Allison Jackson,perezkenneth@example.net,Russian Federation
45,Stephen Gutierrez,kimberly88@example.com,South Africa
46,Gregory Wu,josephvillanueva@example.org,Qatar
47,Katherine Wright,kirbyroberto@example.org,Somalia
48,James Myers,daniel49@example.com,Yemen
49,Susan Perez,kdaniels@example.org,San Marino
50,Bruce Garrett,andrewvasquez@example.com,Turkmenistan
51,Martha Mooney,raymondmary@example.net,Cook Islands
52,James Ayala,daniellebaxter@example.net,Norfolk Island
53,Kevin Diaz,ucoffey@example.org,India
54,Brian King,ccollins@example.org,Sao Tome and Principe
55,Melissa Garrison,tlambert@example.net,Senegal
56,Desiree Higgins,carmstrong@example.net,Vietnam
57,David Richmond,hrivera@example.org,Brazil
58,Lisa Thomas,igolden@example.net,Lao People's Democratic Republic
59,Tricia Wise,fchavez@example.org,Tokelau
60,Melissa Maxwell,zperez@example.org,Nauru
61,James Owens,stephanie78@example.net,Martinique
62,Candace Powell,christina30@example.net,Central African Republic
63,Makayla Smith DVM,sheilagarrett@example.com,Denmark
64,Jasmin Sheppard MD,oross@example.net,Malta
65,Maria Martinez,gsnyder@example.org,Cuba
66,Judy Hahn,stephensonmichael@example.com,Nauru
67,Jon Mitchell,lewisnancy@example.org,Guam
68,Carol Bennett,diane58@example.net,Italy
69,Charles Martinez,christopher92@example.com,Samoa
70,Phillip Olsen,nicole60@example.com,Honduras
71,Roger Duncan,ibarnes@example.net,Mongolia
72,Christopher Taylor,jacksonmelissa@example.net,United Arab Emirates
73,Samuel Smith,stacey26@example.org,Paraguay
74,Jennifer Bennett,gregoryjose@example.com,South Africa
75,Jennifer Moore,pattersonwilliam@example.net,Austria
76,Steven Davis,anthony76@example.net,Croatia
77,Erica Mcdonald,fbaker@example.com,Tanzania
78,Olivia Smith,rodrigueznathan@example.org,Gibraltar
79,James Salazar,michele71@example.net,Taiwan
80,Timothy Waters,khernandez@example.net,Sudan
81,Bethany Davis,qharvey@example.com,North Macedonia
82,Elizabeth Lee,nsanders@example.net,Hungary
83,Jeremy Jacobson,kevin95@example.org,Kazakhstan
84,Matthew Skinner,thomas82@example.org,Saint Pierre and Miquelon
85,Austin Nguyen,vmorales@example.org,Dominican Republic
86,Travis Rodriguez III,christopherjackson@example.com,Tokelau
87,Matthew Welch MD,tamara91@example.com,Anguilla
88,Michelle Reynolds,richardpage@example.net,Hong Kong
89,Ashley Fuller,sbates@example.com,Nauru
90,Joshua Ibarra,sullivanchris@example.net,Antigua and Barbuda
91,Shelly Woods,kevincummings@example.net,Saint Lucia
92,Matthew Phillips,eknight@example.org,Korea
93,Jeffrey Castro,nicole08@example.org,Bermuda
94,Vanessa Robinson,vargasmeredith@example.com,Macao
95,Robert Rivera,andrew79@example.com,Saint Barthelemy
96,Sara Holmes,lklein@example.org,Tokelau
97,Jacob Buck,rossryan@example.com,Denmark
98,Gina Cooper,zstafford@example.com,Cote d'Ivoire
99,Juan Martinez,andrewsnicholas@example.org,Lesotho
100,Donna Price,sgood@example.net,United Arab Emirates
101,Matthew Hurst,longvanessa@example.net,Eritrea
102,Lonnie Pace,skinnerphyllis@example.com,Jersey
103,Neil Flores,awoods@example.org,Kiribati
104,Brandon Martinez,nclark@example.com,Cote d'Ivoire
105,Dennis Dougherty,ymorgan@example.org,Western Sahara
106,Pamela Gutierrez,cole79@example.org,Dominican Republic
107,Christopher Howard,gravesbenjamin@example.org,Mali
108,Ashley Roberts,adam54@example.net,Angola
109,Russell Hancock,lmoran@example.org,Kiribati
110,Michael Marshall,smithamanda@example.com,New Zealand
111,Danny Jimenez,richardgould@example.net,Algeria
112,Jessica Palmer,bwong@example.com,Bouvet Island (Bouvetoya)
113,Angela Hughes,jerrybrennan@example.net,Iceland
114,Amy Sharp,tpatterson@example.com,Cuba
115,Troy Bailey,kevin01@example.org,Peru
116,Donald Nunez,tonyoconnor@example.net,Namibia
117,Dominic Williams,traceyedwards@example.com,Guinea
118,Troy Lane,patricia45@example.com,Cameroon
119,Carol Myers,lisa84@example.org,Heard Island and McDonald Islands
120,Sonia Roman,ybest@example.com,Equatorial Guinea
121,Sheri Smith,blairrichard@example.com,Cuba
122,Alexander Bradford,mossmichael@example.net,Maldives
123,Mike Fields,ronald89@example.com,Madagascar
124,Barry Boyd,brooksmark@example.com,Gambia
125,Beverly White,fitzpatrickkelsey@example.net,Morocco
126,Michael Thomas,williamsrichard@example.net,United States Minor Outlying Islands
127,Alyssa Brown,christinabryant@example.net,Honduras
128,Roberta Butler,karen27@example.org,Lithuania
129,Marisa Cain,ellisshawn@example.org,United Kingdom
130,Jennifer Williams,kathrynleblanc@example.org,Oman
131,Julie Nguyen,gregory38@example.net,Turks and Caicos Islands
132,David Jackson,lpayne@example.net,Anguilla
133,Rodney Willis,bethsoto@example.org,Venezuela
134,Steven Price,michael22@example.com,Madagascar
135,Damon Cole,wdoyle@example.net,Falkland Islands (Malvinas)
136,Ashley Camacho,wcrawford@example.com,Italy
137,Stacey Smith,opeterson@example.net,Equatorial Guinea
138,Christopher Sanchez,nicholaskirk@example.com,Mauritania
139,Martha Morse MD,reneegutierrez@example.org,Ukraine
140,Justin Mitchell,justinwilson@example.org,Cameroon
141,Tara Maldonado,russellmichael@example.org,Netherlands
142,David Marshall,colin88@example.net,Afghanistan
143,Shelly Barajas,amymorales@example.net,Faroe Islands
144,Michelle Caldwell,jacksoncarol@example.org,Faroe Islands
145,Martin Roberts,shawnfritz@example.com,Korea
146,Brooke Patel,robert32@example.com,Djibouti
147,Stephanie Silva,sheila93@example.com,Comoros
148,Michael Jones,wilsonzachary@example.net,Philippines
149,Karen Adams,beckerandrea@example.net,Liechtenstein
150,Kathleen Scott,dmaldonado@example.net,Christmas Island
151,Timothy Burnett,tracysmith@example.com,Western Sahara
152,Victor Wilson,michele92@example.com,Andorra
153,Catherine Gillespie,baustin@example.net,Somalia
154,Derek Howe,tmoody@example.net,New Caledonia
155,Matthew Johnson,jeremy38@example.net,Burkina Faso
156,Bryan Rocha,johnsondaniel@example.org,Lao People's Democratic Republic
157,Amy Barnes,jbennett@example.com,Netherlands Antilles
158,Sarah Brown,lorirandall@example.org,Greenland
159,Edgar Rice,nellis@example.net,Swaziland
160,David Stokes,fdavis@example.com,Ethiopia
161,Danny Obrien,bmann@example.com,Liberia
162,Julia Weiss,shelleycamacho@example.org,Cape Verde
163,Christopher Hall,sanchezrodney@example.net,South Georgia and the South Sandwich Islands
164,Rebecca Brown,brandonjenkins@example.com,Brunei Darussalam
165,Kelly Lucas,iharvey@example.org,Kazakhstan
166,Anita Baker,walkermichael@example.net,North Macedonia
167,Andrea Wolfe,jacob95@example.net,Azerbaijan
168,Ernest Hunt,peterrose@example.net,Panama
169,Frank Edwards,mrodgers@example.org,Burkina Faso
170,Rebecca Franklin,woodschristopher@example.net,Serbia
171,Brandon Baker,rebecca75@example.net,Ukraine
172,Gregory Herrera,emily15@example.org,Papua New Guinea
173,Miranda West MD,jimenezfernando@example.org,Belize
174,Mike Rivera,timothy52@example.org,Paraguay
175,Sandra Washington,vsmith@example.net,Vietnam
176,Diane Johnson,curtisadams@example.net,Heard Island and McDonald Islands
177,Christopher Wilson,vmontgomery@example.net,Netherlands
178,Natalie Stafford,jonesmackenzie@example.org,Armenia
179,Sandra Johnson,bsmith@example.com,Norfolk Island
180,William Jackson,evanmartin@example.org,Fiji
181,Jonathan Kennedy DVM,jessicajohnson@example.org,Eritrea
182,Wendy Aguilar,carolyn21@example.org,Germany
183,Lauren Aguilar,carrie50@example.org,Faroe Islands
184,Nicole Dean,lisa59@example.net,Lesotho
185,Allen Barnes,stewartkevin@example.com,Saint Kitts and Nevis
186,Tamara Hernandez,grogers@example.net,Lao People's Democratic Republic
187,Calvin Turner,sfowler@example.net,Nauru
188,Sean Wilson,samantha08@example.org,Cocos (Keeling) Islands
189,Christine White,uwatson@example.com,Argentina
190,Maria Frye,tammiepearson@example.org,Luxembourg
191,Jason Shaffer,frank67@example.com,Netherlands
192,Joshua Campbell,racheljohnson@example.net,Poland
193,Timothy Pruitt,apatterson@example.com,El Salvador
194,Melissa Castro,dstokes@example.net,Canada
195,Michael Jones,gavila@example.com,Mayotte
196,Sherry Young,williamsonlauren@example.com,Greenland
197,Lisa Foster,pachecolisa@example.com,Indonesia
198,Becky Huff,swilliams@example.net,Dominica
199,Hunter Reyes,justin71@example.org,Nauru
200,Bonnie Jefferson,eprince@example.org,Liechtenstein
201,Todd Smith,jonesjonathan@example.com,Moldova
202,Nicole Bailey,bakerwilliam@example.org,Comoros
203,Michael Mcmahon,stephenblankenship@example.net,Uruguay
204,Phillip Robinson,randy06@example.net,Jamaica
205,Shannon Cunningham,meyerapril@example.com,Venezuela
206,Cynthia Caldwell,rebecca67@example.com,Mongolia
207,Timothy Johnson,bbrown@example.net,Belarus
208,Jody Lewis,jeffrey59@example.com,Nicaragua
209,Kurt Obrien,jharris@example.net,Vietnam
210,Brian Chapman,cruzsteven@example.com,Peru
211,David Lam,janicemontoya@example.com,Hungary
212,Stacey Allen,irodriguez@example.net,Chad
213,April Guzman,gprice@example.org,Cape Verde
214,Suzanne Burke,davidlawrence@example.com,Malaysia
215,Stacy Daniels,kylemalone@example.org,Chad
216,Kristina Evans,mariahorton@example.net,Estonia
217,Michael Wilson,hamptonjennifer@example.com,Jordan
218,Kevin Turner,mccallfrederick@example.com,Tunisia
219,Andrew Love,robert17@example.org,Zambia
220,Louis Rodgers,williamskelly@example.net,Benin
221,Bryan Whitney,clarkrobert@example.org,Timor-Leste
222,Michelle Hess,aschneider@example.net,Kuwait
223,Christine Harvey,kimberlyking@example.org,Tajikistan
224,Alisha Nelson,donald74@example.com,Monaco
225,Alyssa Smith,gflores@example.com,Nauru
226,Zachary Brandt,vadams@example.org,Cook Islands
227,Beth Santiago,wrightedwin@example.org,Falkland Islands (Malvinas)
228,Ana Snow,phillip18@example.net,Egypt
229,Samantha Jordan,okim@example.com,Saint Lucia
230,Kevin Perez,acostamichelle@example.com,Somalia
231,Jennifer Smith,qchavez@example.org,Eritrea
232,Matthew Newton,simmonsedward@example.org,Northern Mariana Islands
233,William Morales,martindawn@example.com,Georgia
234,Cassie Johnson,jacobmartinez@example.com,Mayotte
235,Jason White PhD,matthew27@example.org,Belize
236,Angela Reyes,samantha83@example.com,Chad
237,Robert Crawford,jeanetteshah@example.net,Rwanda
238,Karen Martin,amanda04@example.org,Latvia
239,Marc Black,joe91@example.com,Congo
240,Tyler Potter,kyleallen@example.org,Angola
241,Allison Robertson,gonzalezleah@example.org,Bahrain
242,Donna White,campbellamanda@example.org,Timor-Leste
243,Crystal Dillon,tgoodman@example.net,Nigeria
244,Michael Carpenter,rmason@example.net,Cook Islands
245,Bruce Montgomery,ginacombs@example.net,Argentina
246,Melissa Mendez,cynthiachristian@example.net,Malawi
247,Steven Rosario,esmith@example.com,North Macedonia
248,Theresa Pugh,zorozco@example.net,Bosnia and Herzegovina
249,Anthony Barnett,robynmorales@example.org,Reunion
250,Ian Harris,pachecoeric@example.com,United Kingdom
251,Heidi Cordova,charleslarry@example.com,Eritrea
252,Susan Campbell,ross00@example.com,Mozambique
253,Sarah Bowers,wardgregg@example.net,Montenegro
254,Megan Johnson,lalvarez@example.com,Barbados
255,Michael Farley,stephen25@example.org,Myanmar
256,Ellen Mayo,april62@example.org,San Marino
257,Danielle Wade,wheelermichael@example.org,Norfolk Island
258,Richard Wilson,kingdeborah@example.net,Comoros
259,Brian Hernandez,taylorparker@example.net,Argentina
260,Danielle Espinoza,hbarr@example.org,Swaziland
261,Dana Barnes,jreed@example.net,Angola
262,Denise Hurst,kennethgonzalez@example.net,Western Sahara
263,Edward Robles,dduran@example.net,Georgia
264,Karen Sanchez,gainesjoseph@example.net,Ghana
265,Janice Gonzalez,ericamitchell@example.net,Serbia
266,Jamie Torres,brandi96@example.com,Nigeria
267,Brandon Gonzales,bowersrobert@example.org,Solomon Islands
268,Mr. Benjamin Patton,dylanwilliams@example.org,Nauru
269,Gabriel Barajas,adammckinney@example.com,Maldives
270,Kimberly Day,alvarezerica@example.org,Botswana
271,Philip Murphy,erika94@example.net,Albania
272,Angela Gonzalez,laurenlee@example.net,Sierra Leone
273,Adam Jackson,dalejackson@example.com,Palau
274,Sean Cruz,dana00@example.org,Cuba
275,James Castro,agray@example.net,Afghanistan
276,Monica Johnson,ucarroll@example.org,Jordan
277,Jeremiah Cunningham,rjones@example.net,Cayman Islands
278,Craig Terry,crawfordchristopher@example.org,Belize
279,Nancy Larson,eric02@example.org,Mozambique
280,Christine Lopez,zsmith@example.com,Slovakia (Slovak Republic)
281,Scott Webster,fletcherrebecca@example.org,Malta
282,Brian Vega,william23@example.org,Malta
283,Mary Salazar,blairsarah@example.com,Antarctica (the territory South of 60 deg S)
284,Jose Massey,yodonnell@example.org,Turkey
285,Jose Stevens,rodgersjames@example.com,Thailand
286,Gabriella Curry,mary42@example.org,Marshall Islands
287,Justin Torres,nmeyer@example.net,American Samoa
288,Melissa Miller,samuel60@example.com,Papua New Guinea
289,Richard Collins,zimmermanjonathan@example.net,Turkmenistan
290,Erin Gutierrez MD,kimberlyhart@example.net,Tokelau
291,Kristine Jensen,yferguson@example.net,American Samoa
292,Tonya Herrera,laura75@example.net,Monaco
293,Jennifer Bell DDS,michael33@example.net,Tonga
294,Caroline Atkinson,thomasdeborah@example.org,Turkey
295,Matthew Villarreal,xsmith@example.net,Bulgaria
296,Tom Simmons,kylepena@example.org,Kuwait
297,Mr. Jeffrey Oneal PhD,carternathan@example.net,Thailand
298,Reginald Webb,hudsongeorge@example.net,South Africa
299,Wayne Harris,jasonramirez@example.org,Samoa
300,Cheryl Long,timothy30@example.org,Uganda
301,Sara Spencer,mariah77@example.org,Iran
302,Cheryl Gamble,derek04@example.com,Guadeloupe
303,Ryan Roberts,betty13@example.net,Bermuda
304,Douglas Barnes,alexisterry@example.net,Gabon
305,Katrina Mitchell,audreyhall@example.net,Eritrea
306,Sean Roberson,jeffreycain@example.com,Marshall Islands
307,Mary Garcia,davischristopher@example.org,Turkey
308,Cynthia Hubbard,traceyhudson@example.net,Germany
309,Bridget Wyatt,moralesjenna@example.org,Ghana
310,Nathan Powell,melissa32@example.com,Lithuania
311,Nichole Nguyen,bradlee@example.net,Guam
312,Elizabeth Waller,melissa82@example.org,Niue
313,Samantha Vasquez,shermanshari@example.net,Nepal
314,Devin Hawkins,ricky07@example.org,Falkland Islands (Malvinas)
315,Mitchell Castro,sking@example.org,Northern Mariana Islands
316,Chelsea Mann,robert71@example.net,Namibia
317,Joy Hardy,nweaver@example.net,Saint Helena
318,Anthony Johnson,elizabeth89@example.org,Slovakia (Slovak Republic)
319,Edward Gutierrez,coreyfuller@example.com,Sweden
320,Lindsey Rosales,zwilliams@example.org,Fiji
321,Tara Johnson,hmartin@example.com,Estonia
322,Adam Greene,eware@example.com,Heard Island and McDonald Islands
323,Ruth Lee,toddnewman@example.net,Cook Islands
324,Christine Murphy,kristydavis@example.net,Djibouti
325,David Compton,harrisdiana@example.org,Norway
326,Jeremy Daniels,matthewmiller@example.com,Jordan
327,Lauren Cook,jellis@example.com,Haiti
328,Veronica Bailey,howarddustin@example.net,Nauru
329,Nicholas Kim,jimenezcalvin@example.org,Yemen
330,John Rivera,garciaray@example.com,Portugal
331,William Carlson,michael42@example.com,Sweden
332,Garrett Cervantes,changbruce@example.net,Zimbabwe
333,Russell Bell,kevin99@example.org,Comoros
334,Jennifer Moyer,xwilson@example.com,Cook Islands
335,Christine Buck,brettnewton@example.com,Belgium
336,Joseph Tucker,brianbowman@example.org,Iran
337,Jordan Vaughan,rsmith@example.net,Puerto Rico
338,Mallory Holmes,williamsdon@example.com,Northern Mariana Islands
339,Jason White III,eric46@example.com,Namibia
340,Jacqueline Rios,cruzwilliam@example.org,Venezuela
341,Angela Aguilar,jakehayes@example.net,Nepal
342,Natalie Smith,sgolden@example.org,Syrian Arab Republic
343,Nicholas Holder,bakerstephen@example.com,Argentina
344,Isaiah Goodman,zmartin@example.org,Timor-Leste
345,Heather Carey,susan10@example.com,Cook Islands
346,Kristy Richard,brendan99@example.net,Burundi
347,Natalie Simon,donovanchristine@example.com,Norway
348,Deborah Diaz,qwilson@example.com,Ghana
349,Mr. Allen Patterson,rboyer@example.net,Norfolk Island
350,Brian Smith,randyperkins@example.org,Hungary
351,Joel Velazquez,brandon91@example.net,Uganda
352,Kelly Wright,kenneth68@example.net,Martinique
353,George Jones,jonathanmeyer@example.com,Albania
354,Kelly Smith,rebeccahester@example.org,Ghana
355,Douglas Martin,iweaver@example.com,Egypt
356,Douglas Butler,ibarradennis@example.net,Cook Islands
357,Cynthia Hickman,vgates@example.net,Bangladesh
358,Jordan Allen,jonathantaylor@example.net,Korea
359,Justin Morales,maryrodriguez@example.org,Cameroon
360,Amanda Gonzalez,robinsonrobin@example.com,Slovenia
361,Madison Roy,smithmark@example.net,Comoros
362,Theresa Foster,raymondsmith@example.org,Saudi Arabia
363,Michael Kemp,kelly36@example.com,Norfolk Island
364,Donna Cobb,williamhurst@example.net,Central African Republic
365,Daniel Duncan,marknichols@example.com,Saint Barthelemy
366,William Mcgee,mauricefields@example.org,Lebanon
367,Tiffany Neal,richard13@example.org,Sierra Leone
368,Samantha Powell,annarowe@example.org,Portugal
369,Matthew Mitchell,wruiz@example.net,Mozambique
370,Jeffrey Ellis,taylormiller@example.net,Wallis and Futuna
371,Tricia Long MD,ugreen@example.com,Guinea-Bissau
372,Richard Marsh,calderonalan@example.net,Pakistan
373,Betty Howe,madisonroberts@example.com,Sierra Leone
374,Keith Crawford,justinrandolph@example.net,Switzerland
375,John Fletcher,zmckinney@example.net,Albania
376,Anne Mills,andrewmarshall@example.com,Malawi
377,Richard Richardson,kimberlyperez@example.org,Seychelles
378,Jeffrey Rowland MD,eddiecole@example.org,Philippines
379,James Miller,iwashington@example.org,Niger
380,Richard Bailey,qwhite@example.com,Faroe Islands
381,Natalie Young,rogerslarry@example.net,Venezuela
382,Patrick Thornton,christopher24@example.net,Cook Islands
383,Michelle Jacobs,leahnavarro@example.org,China
384,Glenn Rivera,hrodriguez@example.org,Anguilla
385,Timothy Bernard,paul42@example.org,Costa Rica
386,Maxwell Mosley,adavis@example.org,Micronesia
387,Ricky Sanchez,myerschris@example.org,South Georgia and the South Sandwich Islands
388,Matthew Wallace,cheyennemalone@example.com,Namibia
389,Donald Campbell,nbaker@example.org,Slovakia (Slovak Republic)
390,Krista Jackson,mmarshall@example.com,Australia
391,Kayla Kelly,leeaaron@example.org,Luxembourg
392,Jennifer Moore,meghanhudson@example.org,Congo
393,Beverly Bowman,donald36@example.com,Iraq
394,James Castaneda,quinncatherine@example.com,Netherlands Antilles
395,Joyce Perez,sharon64@example.net,Papua New Guinea
396,Teresa Vaughan,kari61@example.net,Montserrat
397,Richard Trujillo,veronicaoconnor@example.org,Falkland Islands (Malvinas)
398,Lisa Bates,jennifer74@example.org,Eritrea
399,Monica Peterson,john30@example.org,New Caledonia
400,Andrea Shepherd,xholden@example.org,Vanuatu
401,Andrew Vargas,antoniooliver@example.com,Ghana
402,James Scott,aadams@example.net,Nepal
403,Richard Murray,jordanjustin@example.org,Austria
404,Zachary Flores,lisapayne@example.net,Tonga
405,Brian Finley,robin83@example.com,Israel
406,John Smith,armstrongjason@example.org,Netherlands
407,Tammy Gomez,matthew91@example.org,Austria
408,David Garcia,wilkinschristine@example.com,South Africa
409,Jonathan Henry,bonillajustin@example.net,Belgium
410,Mary Jackson,kyleberry@example.org,Lithuania
411,Amanda Greene,bruceleslie@example.com,Paraguay
412,Anthony Thomas,maddoxchelsea@example.com,Palestinian Territory
413,Francisco Maynard,denise51@example.net,Niue
414,Robert Bass,daniel52@example.org,San Marino
415,Michael Morales,vmartin@example.org,Saint Pierre and Miquelon
416,Jason Jackson,kimberly25@example.net,Gambia
417,Nicholas Nunez,vasquezsherry@example.org,United States Virgin Islands
418,Kent Nguyen,danielstanton@example.org,Vanuatu
419,Melody Hunt,cindy48@example.net,Singapore
420,Robert Crawford,melissabutler@example.com,Thailand
421,Tara Brown,ehuff@example.org,India
422,Megan Miller,craiggonzales@example.com,Morocco
423,Beth Erickson,allensara@example.com,Antarctica (the territory South of 60 deg S)
424,Jason Sanders,riossuzanne@example.org,Tanzania
425,Matthew Page,mharris@example.net,Svalbard & Jan Mayen Islands
426,Richard Moreno,ravenfarmer@example.net,Maldives
427,Warren Bell,angelabright@example.com,Turks and Caicos Islands
428,Zachary Gonzalez,jenniferbrown@example.org,Jordan
429,Dalton Holder,brett93@example.com,France
430,Brenda Turner,lisa98@example.net,Uruguay
431,Mary Smith,mezakatie@example.com,Bhutan
432,Mr. Brian Castaneda II,glen15@example.org,Ethiopia
433,Scott Powell,garciasteve@example.com,Paraguay
434,Jennifer Miller,lmiller@example.net,Turks and Caicos Islands
435,Mark Mendoza,hcalhoun@example.net,Cocos (Keeling) Islands
436,Stephanie Garcia,walkerdavid@example.net,Saint Kitts and Nevis
437,Tyler Baker,kimberlypace@example.com,Lao People's Democratic Republic
438,Brenda Gardner,rebeccawright@example.org,Djibouti
439,Lisa Williams,marcgonzalez@example.net,Cote d'Ivoire
440,Jill Evans,kemprodney@example.com,Belize
441,Dr. Stephanie Newman,heatherrobinson@example.org,Chad
442,Cynthia Miller,amyharrison@example.net,Jersey
443,Sarah Thompson,bonilladavid@example.com,Belgium
444,Jeanne Tanner,samanthaolson@example.com,Gabon
445,Adam Jackson,jerrysmith@example.org,Falkland Islands (Malvinas)
446,Zachary White,courtney88@example.org,Cook Islands
447,Jeff Rodriguez,fchang@example.org,Cuba
448,Gina Patton,asmith@example.com,Cyprus
449,Carolyn Cabrera,tonybond@example.com,Australia
450,Shelby Johnson,justin50@example.net,Portugal
451,Cody Johnson,hallcarol@example.org,United States of America
452,Jose Taylor,heathergraves@example.com,New Caledonia
453,Lisa Evans,robert20@example.com,Norway
454,Kathleen Mccullough,bobbyvillanueva@example.net,Guyana
455,James Scott,vmorales@example.net,Solomon Islands
456,Thomas Peterson,charlescampbell@example.com,Comoros
457,Cassandra Townsend,lharper@example.com,France
458,Linda Chung,jbeard@example.org,Svalbard & Jan Mayen Islands
459,Susan Ross,dianamueller@example.net,Costa Rica
460,Jennifer Anderson,matthewarias@example.com,Heard Island and McDonald Islands
461,Suzanne Kelly,jeffrey03@example.com,Norway
462,Matthew Browning,khamilton@example.org,Costa Rica
463,Kelly Little,chloe64@example.com,Bhutan
464,Daniel Santiago,mhunter@example.org,Georgia
465,Kimberly Mckee,matthewclark@example.org,Uganda
466,Ms. Debbie Daniels,stacey89@example.org,Vietnam
467,James Dudley,lgray@example.com,Philippines
468,Jose Carter,jessicafleming@example.com,Norway
469,Marie Williams,noah24@example.com,Argentina
470,Justin Callahan,arellanobobby@example.org,Burkina Faso
471,Michele Adkins,troyrobles@example.net,Honduras
472,Jamie Holden,jeffmitchell@example.com,Afghanistan
473,Victoria Taylor,pcook@example.net,Congo
474,Sean Bell,matthew81@example.org,Tunisia
475,Matthew Guzman,kristengriffin@example.org,Gambia
476,Kyle Weiss,turnerbradley@example.org,Haiti
477,Heather Jones,gailsmith@example.com,Iraq
478,Anthony Parsons,markedwards@example.com,New Caledonia
479,Nicholas Moore,lindsey15@example.com,Lebanon
480,Maureen Carter,uwalker@example.org,Guernsey
481,Raymond Johnson,eric83@example.org,Sierra Leone
482,Cheryl Moore,bmooney@example.net,Afghanistan
483,Willie Moran,mclaughlinscott@example.com,Botswana
484,Jeffery Browning,mitchelljohnson@example.com,Palau
485,Zachary Phelps,emily19@example.org,Turkmenistan
486,Taylor Navarro,ghayes@example.org,Bouvet Island (Bouvetoya)
487,Jodi Dillon,mbowen@example.net,Reunion
488,Nicole Douglas,reedkenneth@example.net,Colombia
489,Danielle Kramer,stephanielucas@example.org,Ukraine
490,Tristan Schultz,amywright@example.org,Brunei Darussalam
491,John Gonzales,sanchezalfred@example.com,Nicaragua
492,Whitney Gutierrez,ggreene@example.net,Nigeria
493,Damon Fox,zsummers@example.net,Jordan
494,Emily Quinn,xfox@example.org,Pitcairn Islands
495,Mark Gonzalez,zmiller@example.net,Tajikistan
496,Charles Armstrong,brendawalters@example.org,Latvia
497,Toni Salinas,aelliott@example.org,United States Minor Outlying Islands
498,Christopher Stevens,williamscrystal@example.net,Swaziland
499,Cynthia Hill,rebeccamartinez@example.com,Bahamas
500,Joshua Hampton,michaelrussell@example.org,Uruguay
501,Anna Sanchez,nixontravis@example.net,Australia
502,Brandon White,aprilryan@example.net,Namibia
503,Justin Shaw,sarah91@example.com,Palau
504,Melissa Guzman,esantana@example.com,United Arab Emirates
505,Luis Williams,schmidtvanessa@example.com,Kazakhstan
506,Matthew Davis,vargasbenjamin@example.net,Tonga
507,Justin Berry,kimberly12@example.com,British Indian Ocean Territory (Chagos Archipelago)
508,Michael Ware,richdarius@example.org,Djibouti
509,Jacob Russell,zcarrillo@example.org,Jersey
510,Nicole Roberts,crosbykelly@example.net,Iceland
511,Cynthia Patel,dosborn@example.net,Sri Lanka
512,Jessica Spencer,davistimothy@example.org,Algeria
513,Deanna Ford,marshallmichael@example.net,China
514,David Brown,jdavis@example.com,Antigua and Barbuda
515,Michelle Allen,danielgibson@example.net,Palestinian Territory
516,Mrs. Veronica Holland,kayla29@example.org,Kyrgyz Republic
517,Melissa Gaines,davidochoa@example.com,South Africa
518,Charles Williams,rdaniels@example.org,Palau
519,Adam Combs,everettjillian@example.net,Lebanon
520,Kathleen Ware,richardcox@example.net,Guadeloupe
521,Vanessa Myers,elizabethcruz@example.org,Seychelles
522,Justin Powell,hallkayla@example.com,Aruba
523,Danielle Rangel,marshalltracy@example.com,Montenegro
524,Kathleen Robinson,miguel97@example.org,French Southern Territories
525,Lisa Campos,melindawilson@example.net,Djibouti
526,Madeline Black,andrewmassey@example.com,Macao
527,Tara Ramirez,gcox@example.org,Svalbard & Jan Mayen Islands
528,Theresa Spence,sjohnson@example.org,Montserrat
529,Charles Mcbride,qpetersen@example.com,Somalia
530,Erika Thompson,mejiapaul@example.org,Togo
531,Deanna Garner,tiffany85@example.com,Nicaragua
532,Sydney Patel,cookbobby@example.net,French Guiana
533,Nicholas Silva,kellyberger@example.com,United States Virgin Islands
534,Julie Roberts,tharris@example.net,Algeria
535,Leah Johnson,emilybrown@example.com,Liberia
536,Michele Mitchell,breed@example.net,Bermuda
537,Karina Hunt,crawfordpatricia@example.org,Netherlands
538,Patricia Reyes,dudleyanne@example.org,Tuvalu
539,Kristina Wilkins,timothycosta@example.com,Cote d'Ivoire
540,Scott Diaz,fergusonlonnie@example.net,Mayotte
541,Robert Sherman,ewells@example.org,Sierra Leone
542,Kevin Chapman,perezclayton@example.org,Ireland
543,Brian Williams,dellis@example.org,Falkland Islands (Malvinas)
544,Lisa Dodson,yweber@example.net,France
545,Brian Wells,jeremysmith@example.org,Mayotte
546,Rachael Herrera,crystal45@example.net,Maldives
547,Kelly Horton,ymorris@example.com,Swaziland
548,David Garcia,johnsonnicole@example.org,Kiribati
549,Jo Thomas,ypadilla@example.org,Armenia
550,Christopher Cox,mark10@example.org,British Virgin Islands
551,John Skinner,hpeters@example.net,Burundi
552,Kristy Garcia,john39@example.com,Romania
553,Michael Martinez,richardbranch@example.com,Armenia
554,Melissa Baker,brobbins@example.net,Sao Tome and Principe
555,Johnny Walker,dawnavila@example.com,Liberia
556,Lawrence Lamb,obrienfaith@example.net,Japan
557,Alexandra Short,thompsonkellie@example.org,Portugal
558,Andrew Blackwell,austin71@example.net,Macao
559,Yvonne Martinez,wernerjamie@example.org,Vanuatu
560,Jacob Reyes,emma03@example.com,Suriname
561,Roger Koch,randy43@example.org,North Macedonia
562,Brenda Sparks MD,laurajohnson@example.net,Marshall Islands
563,Mr. Matthew Thompson,qstone@example.net,Moldova
564,Jeremy Simon,millsthomas@example.com,Iraq
565,Mr. Joseph Acosta,harrisontammy@example.org,Zimbabwe
566,Nancy Donaldson,gkelly@example.net,Syrian Arab Republic
567,Sarah Jensen,jennifer09@example.com,Tunisia
568,Steven Harris,iperry@example.org,Germany
569,Matthew Mcdaniel,careymatthew@example.org,Cyprus
570,Cynthia Thompson,mthompson@example.org,Eritrea
571,Christian Banks,stephaniehorn@example.com,Papua New Guinea
572,George Wilson,hawkinsmichael@example.net,Comoros
573,Kevin Bennett,eileen28@example.org,Angola
574,Robert Tapia,rhoward@example.org,Pakistan
575,Kelsey Case,imendez@example.net,Lebanon
576,Kimberly Harris,wstewart@example.net,Marshall Islands
577,Dustin Zavala,vsims@example.org,Saint Kitts and Nevis
578,Brian Middleton,fgutierrez@example.net,Aruba
579,Michael Payne,heathergordon@example.com,Australia
580,Harry Murphy,bhall@example.org,Cameroon
581,Kimberly Mitchell,matthew93@example.org,Oman
582,Garrett Matthews,lawrencekimberly@example.org,Nigeria
583,William Jenkins MD,josemarshall@example.net,Cook Islands
584,Jessica Norman,joseph18@example.org,Egypt
585,Tricia Everett,brandyharris@example.net,Syrian Arab Republic
586,Samuel Cole,simmonsronald@example.com,Saint Martin
587,Derek Perez,solomonaaron@example.org,Iceland
588,Catherine Townsend,hlittle@example.com,Canada
589,David Young,jacqueline27@example.org,Faroe Islands
590,Jim Kelly,crystal46@example.org,Argentina
591,Kenneth Walker,marciasmith@example.com,Kuwait
592,Nancy Scott,rwoods@example.org,Uzbekistan
593,Christina Lara,shawnwagner@example.net,Tunisia
594,Timothy Harrington,brentwheeler@example.com,Christmas Island
595,Briana Rivera,johnswanson@example.com,Israel
596,Daniel Johnson,marie89@example.org,Svalbard & Jan Mayen Islands
597,Brenda Kelley,david00@example.com,Senegal
598,Linda Moore,lewisdevon@example.com,Ghana
599,Brian Barnett,lcoleman@example.org,Nauru
600,Kyle Jimenez,rhonda55@example.org,Samoa
601,Todd Adams,alexandra08@example.net,Paraguay
602,Richard Taylor,gonzalezdavid@example.org,Trinidad and Tobago
603,Bradley Bray,clayton09@example.net,Namibia
604,Jeremy Lee,smithjames@example.net,Iraq
605,Lisa Mendez,john10@example.org,Papua New Guinea
606,Darius Collins,laura32@example.com,Switzerland
607,Tammie Singh,laura13@example.net,Kazakhstan
608,Christina Jackson,wanderson@example.org,Mayotte
609,Anita Jacobs,ericafuller@example.net,Nicaragua
610,Kevin Pearson,dtaylor@example.org,Eritrea
611,Tabitha Gray,grahampaul@example.org,Martinique
612,Mary Smith,thernandez@example.org,Christmas Island
613,Douglas Cooper,escobarjulie@example.net,Algeria
614,Melissa Garcia,dakota59@example.org,El Salvador
615,Brian Parks,aaronrosario@example.org,Paraguay
616,Stephanie Curtis,gutierrezmichael@example.net,Uzbekistan
617,Scott Garner,petersoncandace@example.com,San Marino
618,Dr. Daniel Hayden,jacksonlinda@example.net,Madagascar
619,Paul Johnson,yhunter@example.com,Saint Martin
620,Justin Jones,scottkyle@example.org,Sierra Leone
621,Jennifer Perkins,vegarobert@example.com,Cape Verde
622,Amy White,joseph03@example.org,United Arab Emirates
623,Tina Guerra DDS,edward07@example.org,Kyrgyz Republic
624,Shannon Garcia,matthewbishop@example.com,Germany
625,Angelica Dean,melaniescott@example.com,Armenia
626,Randy Harrison,brittanymartinez@example.com,Moldova
627,Wanda Rodriguez,melissa35@example.com,Jordan
628,Alyssa Grant,lori01@example.com,Saudi Arabia
629,Todd Nunez,zburke@example.com,Syrian Arab Republic
630,Austin Lewis,annjordan@example.com,Gambia
631,Jack Castillo,john91@example.net,Costa Rica
632,Noah Love,rodriguezdaniel@example.org,Yemen
633,Gregory Charles,markhernandez@example.com,Egypt
634,Lucas Brown,kelligarcia@example.com,Micronesia
635,Jeff Miller,thill@example.org,Barbados
636,Latoya Rojas,brandon60@example.net,Brunei Darussalam
637,Daniel Williams,hartlisa@example.org,Tunisia
638,Zachary Oconnor,clarkdawn@example.com,Bermuda
639,Johnathan Beasley,xdrake@example.com,Malaysia
640,Jennifer Griffin PhD,nathan60@example.com,Cambodia
641,Aaron Armstrong,owensjeffrey@example.net,Japan
642,Javier Roberts,shawnmccoy@example.com,Liechtenstein
643,Anna Branch,paulwilson@example.org,Ethiopia
644,Theresa Hall,linda80@example.com,Italy
645,Laura Johnson,noah11@example.org,Tajikistan
646,Jerry Robbins,jbass@example.org,Mauritania
647,Melissa Ingram,craigromero@example.org,Kazakhstan
648,Guy Morris MD,melissacook@example.com,Montserrat
649,Rachel Lee,rsmith@example.com,Anguilla
650,Brenda Peterson,novakandrea@example.com,Kuwait
651,Debra Buchanan,davidyates@example.com,Moldova
652,Emily Arellano,melendezjeffrey@example.org,Afghanistan
653,Dana Ward,parkdavid@example.org,Chad
654,Alexander Clark,christophersmith@example.com,Saint Vincent and the Grenadines
655,Monica Thomas,zsmith@example.org,Nepal
656,Karla Henderson,amandameyer@example.net,Nauru
657,Crystal Hudson,conniejohnson@example.com,Chile
658,Zachary Hood,swilliams@example.org,Guadeloupe
659,Christopher Jennings,matthew48@example.net,Hong Kong
660,Shannon Meyer,kleinmegan@example.org,Angola
661,Christopher Powell,ahorton@example.com,Algeria
662,Vanessa Shaw,oliverdouglas@example.com,Falkland Islands (Malvinas)
663,Jared Lee,april06@example.org,Germany
664,John Harrison,zparker@example.org,Guinea
665,James Diaz,jeffery45@example.org,Netherlands Antilles
666,Kimberly Reynolds,david44@example.org,Italy
667,Maria Ross,tammy83@example.net,Cuba
668,Erin Taylor,smithchristopher@example.org,Dominican Republic
669,Dave Hicks,joshuaharris@example.net,Ireland
670,Emily Clark,smithjustin@example.org,Turkmenistan
671,Michelle Gross,melody79@example.org,Lesotho
672,Shari Wilson,lharper@example.org,Chad
673,Henry Larson,joneseric@example.net,Ukraine
674,Eric Fox,calebhuff@example.com,Tajikistan
675,Kenneth Haas,jonestina@example.org,Denmark
676,Christian Riley,angela73@example.com,Philippines
677,Kent Nunez,waltersheryl@example.net,Cape Verde
678,Edwin Robinson,marcpowell@example.org,France
679,Jerry Thomas,sabrinasimpson@example.net,Zambia
680,Heather Cox,hurleyjacob@example.org,Tuvalu
681,Jennifer Perez,manuelmalone@example.com,Hong Kong
682,Sean Ballard,piercestephanie@example.com,Cayman Islands
683,Jason Terrell,michaelsmith@example.org,Greenland
684,Jillian Bennett MD,dwayne01@example.org,Namibia
685,Ashley Cooley,qhunt@example.com,Reunion
686,Kyle Moreno,tracy01@example.net,Macao
687,Jeffery Zamora,josebowman@example.org,Turkey
688,Randy Collins,thomasjohnson@example.com,Kenya
689,Kimberly Stewart,carolyn22@example.org,Macao
690,Nathan Humphrey,nicholaslyons@example.org,Svalbard & Jan Mayen Islands
691,Corey Jackson,miguelrosario@example.net,Niue
692,Charles Lyons,dbenson@example.net,Bermuda
693,Brian Franco,perezpeggy@example.com,Bulgaria
694,Mary Miller,rachelmeyer@example.com,Saint Barthelemy
695,Joshua Lee,petersonmary@example.com,Portugal
696,Vincent Brewer DVM,qjames@example.org,Germany
697,Isaiah Chan,lewiscatherine@example.net,Bouvet Island (Bouvetoya)
698,Samantha Day,jeffrey26@example.org,Western Sahara
699,Morgan Ford,khayden@example.net,British Virgin Islands
700,Andrew Rivera,vbell@example.net,Malta
701,Amy Palmer,riverareginald@example.net,Honduras
702,Adrian Jones,jwalsh@example.com,Turkmenistan
703,Sandra Dalton,awang@example.net,Canada
704,Kyle Haley,vbell@example.org,Canada
705,Jamie Gill,alexis34@example.org,Saint Martin
706,Brett Moore,john01@example.net,Sweden
707,Victoria Reed,james77@example.net,Uzbekistan
708,Robert Perez,marycortez@example.net,Singapore
709,Julie Hines,ljones@example.com,Macao
710,Kimberly Stanley,laurie29@example.net,New Zealand
711,Isabel Baxter,julie51@example.org,Burundi
712,Rebecca Carter,breanna14@example.org,South Africa
713,James Smith,nlowe@example.org,Wallis and Futuna
714,Cindy Chapman,jeremiah65@example.com,Sao Tome and Principe
715,Jermaine Wilson,zachary88@example.net,Rwanda
716,Jonathan Roberson,nmartinez@example.com,France
717,Patricia Rose,thomashoffman@example.org,Jersey
718,Amanda Kelley,peter87@example.org,Guyana
719,Jonathon Hernandez,tyler30@example.net,China
720,Mrs. Jennifer Hansen,ujones@example.net,Saint Vincent and the Grenadines
721,Michael Garcia,petersonmark@example.com,Kenya
722,Julia Mcbride,gibsonbarbara@example.org,Cuba
723,Angela Cooper,ymiller@example.com,Norway
724,Heather Cervantes,evanjohnson@example.com,Ghana
725,Stanley Weiss,blankenshipalexis@example.org,Mauritania
726,Mr. Timothy Wallace,thomasfisher@example.net,Andorra
727,Bruce Lopez,maureen76@example.org,Haiti
728,Sara Tate,destiny83@example.com,Kuwait
729,Mary Duffy,catherinewilson@example.org,Congo
730,Billy Lee,ramirezandrea@example.org,Costa Rica
731,Alyssa Marshall,michelehancock@example.net,Micronesia
732,Jennifer Garza,katelynpotts@example.com,Singapore
733,Robert Parsons,nielsenbrittany@example.net,Chile
734,Seth Patel,awebb@example.net,Djibouti
735,Bethany Miller,rosejustin@example.net,Guernsey
736,Bryan Miller,leonmelissa@example.com,Benin
737,John Brown,courtney25@example.org,Nicaragua
738,Mr. Jesse Bell,matthew72@example.net,Turks and Caicos Islands
739,James Green,cameron52@example.org,Haiti
740,Stephanie Smith,elizabethjohnson@example.org,Falkland Islands (Malvinas)
741,Crystal Harding,bryantedward@example.org,Monaco
742,Robin Park,vangkyle@example.com,Moldova
743,Matthew Smith,rtorres@example.com,Ethiopia
744,Devon Smith,debbiehorn@example.net,Monaco
745,Jennifer Smith,hillvickie@example.org,United Kingdom
746,Melissa Burke,donald28@example.org,Switzerland
747,Brian Hansen DDS,fwebb@example.org,Barbados
748,Andrea Ramos,tandrade@example.org,Niger
749,Jennifer Phillips,jennylynch@example.org,Gambia
750,Lawrence Arnold,sandra81@example.com,Slovakia (Slovak Republic)
751,Donna Trujillo,ymontgomery@example.org,Germany
752,Cynthia Orozco,gjohnson@example.org,Morocco
753,James Miller,matthewsmith@example.com,Hong Kong
754,Ashley Perkins,hollysmith@example.org,Malta
755,Charles Ramirez Jr.,mgilbert@example.com,Japan
756,Joseph Hobbs,rodneymartin@example.net,Sri Lanka
757,Michael Miller,robertsjoseph@example.org,United Arab Emirates
758,Dustin Wiley,kathyjohnson@example.org,Armenia
759,Richard Russell,matthewgomez@example.com,Nigeria
760,Michael Jackson,kelly27@example.net,Chad
761,Alicia Davis,cooperlance@example.net,Angola
762,Jennifer Bush,blewis@example.com,India
763,Sharon Smith,chelseaandrews@example.net,Solomon Islands
764,Perry Mitchell,dblack@example.org,Bolivia
765,Joshua Townsend,jeffrey16@example.org,Samoa
766,Benjamin Curry,jacksonrebecca@example.com,Benin
767,Elizabeth Douglas,kathleen36@example.org,Libyan Arab Jamahiriya
768,Kelly Bradshaw,oyoung@example.net,Philippines
769,Megan Miranda,slane@example.org,Malaysia
770,John Graham,bakerjohn@example.net,Mauritius
771,Paul Powell,victoria64@example.org,Iceland
772,Kelli Jones,shawn60@example.org,China
773,Tanya Cooper,foleydiana@example.org,Romania
774,Justin Estrada,christopher77@example.net,Denmark
775,Jillian Smith,jamesmcdonald@example.com,Haiti
776,Brittany Osborne,josephrachel@example.net,Tanzania
777,Robert Jones,owensangela@example.com,France
778,Gregory Walker,hoffmanpaul@example.org,Slovenia
779,Helen Callahan,dchan@example.net,Saint Kitts and Nevis
780,Michael Hampton,lisalong@example.com,Cameroon
781,Zachary Cruz,amy85@example.com,Uganda
782,Tricia Leonard,ramirezsharon@example.net,El Salvador
783,Zachary Austin,jordan13@example.org,Oman
784,Cynthia Robinson,malonejasmine@example.net,Niger
785,Jason Ewing,brianorr@example.org,Svalbard & Jan Mayen Islands
786,Paul Christian,justinwright@example.com,Uruguay
787,Dawn Warren,iancollins@example.net,Saint Barthelemy
788,Christopher Rogers,oparker@example.org,United States Virgin Islands
789,Brittany Houston,xerickson@example.net,Saint Pierre and Miquelon
790,Ashley Thomas,kylebean@example.net,Malaysia
791,Nancy Neal,kristin59@example.org,Holy See (Vatican City State)
792,Richard Chavez,harmonsharon@example.net,Taiwan
793,Katie Adams,swarner@example.org,United States of America
794,Timothy Merritt,zachary61@example.net,Samoa
795,Ronald Dudley,bakerdennis@example.com,Niger
796,Mrs. Crystal Graves DVM,jacquelineschultz@example.org,Canada
797,Dr. Stephanie Riley,leblancellen@example.net,Bolivia
798,Ann Snyder,hannahmaldonado@example.org,Guadeloupe
799,Amy Taylor,jjoyce@example.org,Estonia
800,Gregory Thomas,alejandroanderson@example.net,Malaysia
801,Veronica Ryan,xdiaz@example.com,Saint Kitts and Nevis
802,Mary Stone,allisonmiller@example.com,Bahamas
803,Timothy Sheppard,yramirez@example.com,Puerto Rico
804,Logan Jackson,edwardsmarcus@example.org,Vanuatu
805,Elizabeth Hernandez,kristenlove@example.net,Russian Federation
806,Stephen Vaughan,lisa68@example.net,Martinique
807,Jessica Davis,alexisbullock@example.com,Falkland Islands (Malvinas)
808,Adam Miles,rebeccawalker@example.com,Somalia
809,Angela Krueger MD,austin82@example.com,Anguilla
810,Jeffrey Miranda,marissagilbert@example.org,Kiribati
811,Joshua Ramos,rachel23@example.net,Saint Lucia
812,Jennifer Bartlett,watkinsterry@example.net,Dominican Republic
813,Susan Smith,corey21@example.org,Monaco
814,John Valencia,tannerjennifer@example.org,Cook Islands
815,Kevin Tyler,cathy77@example.org,Comoros
816,Gregory Walker,jennifermcclain@example.org,Togo
817,Jennifer Andrews,traviswoods@example.net,Indonesia
818,Steven Roberts,bhouse@example.org,Colombia
819,Sandy Montgomery,gibsonmichael@example.net,Mayotte
820,Linda Gonzales,frivera@example.net,Grenada
821,April Ross,dmitchell@example.org,American Samoa
822,Kimberly Garcia,bsosa@example.org,Antigua and Barbuda
823,John Marquez,dramos@example.org,Faroe Islands
824,Deborah Bryant,sarah82@example.com,Turks and Caicos Islands
825,Alicia Flores,qwalker@example.org,Israel
826,Kirk Lopez,tylermaldonado@example.net,Heard Island and McDonald Islands
827,Angel Pruitt,ashleyjones@example.net,Belize
828,Jack Rocha,douglaspatel@example.com,Christmas Island
829,Todd Scott,jenniferbarber@example.org,Ukraine
830,Lori Welch,jenna48@example.org,Mexico
831,Judith Booker,jordantucker@example.net,Zambia
832,Phillip Miranda,ystafford@example.com,Taiwan
833,Alison Grant,wilsonpaige@example.org,India
834,Joseph Warren,nicolesnyder@example.com,Nepal
835,Philip Sanders,thomascox@example.org,Heard Island and McDonald Islands
836,Carol Wise,bendermatthew@example.com,Korea
837,Elizabeth Ortega,collierdouglas@example.com,Kyrgyz Republic
838,James Lin,rperez@example.net,Spain
839,Alejandro Roberts,nicholas90@example.com,Syrian Arab Republic
840,Alyssa Mcdonald,spencerdiane@example.net,Latvia
841,Robert Soto,imoore@example.org,Nicaragua
842,Rebecca Bray,mariareed@example.com,Mayotte
843,Melissa Lee,stephanie81@example.net,Wallis and Futuna
844,Stephanie Fischer DVM,robert46@example.org,China
845,Mr. Andrew Lowe MD,julian25@example.com,Hong Kong
846,Craig Ortiz,smunoz@example.net,Pakistan
847,Cheryl Gray,waltondonna@example.com,Tanzania
848,Rebecca Velasquez,macdonaldlisa@example.com,Portugal
849,Luis Bailey,warnerpatrick@example.net,Venezuela
850,Mr. Joshua Adams,lgonzalez@example.net,South Africa
851,Robert Diaz,ericastewart@example.com,Bosnia and Herzegovina
852,Alicia Sanders,caseronald@example.com,Australia
853,Daniel Martinez,tferrell@example.org,Jamaica
854,Melissa Harris,chasealicia@example.com,Aruba
855,Jaime Aguilar,john61@example.org,Jersey
856,Stacy Gomez,amber34@example.org,Angola
857,Ashley Lee,richard33@example.com,Antigua and Barbuda
858,Joseph Sanchez,tiffanysmith@example.net,Fiji
859,Jesse Morris,kaitlyn77@example.org,Palestinian Territory
860,William Johnson,jonathantaylor@example.net,Cuba
861,Angela Chen,thomaswilliams@example.net,Paraguay
862,Karen Mullins,patrick23@example.net,Reunion
863,Jacqueline Davis,brownmichael@example.com,Armenia
864,Patrick Jackson,martinezjesse@example.org,Brunei Darussalam
865,Brenda Reynolds,joseph15@example.net,San Marino
866,Adam Cooper,fletchermary@example.org,Egypt
867,Teresa Wilkins,tmccoy@example.net,Libyan Arab Jamahiriya
868,Christian Newton,williambrown@example.org,Palestinian Territory
869,Joseph Martin,huntercathy@example.com,Belarus
870,Kristina Chavez,jeffrey64@example.com,El Salvador
871,Lisa Livingston,jason10@example.com,Vanuatu
872,Christina Zimmerman,mwilliams@example.com,Poland
873,Derrick Nelson,benjamin84@example.net,Aruba
874,Catherine Mcdonald,mullinsjoe@example.com,Ecuador
875,Joseph Turner,rknight@example.com,Albania
876,Stephanie Ray,lisa37@example.org,Sri Lanka
877,Jodi Vargas,sflowers@example.net,French Guiana
878,Lacey Davidson,xblackwell@example.com,Peru
879,Kristen Cardenas,portershane@example.net,Myanmar
880,Samuel Cooper,cody33@example.net,Bouvet Island (Bouvetoya)
881,Kimberly Phillips,michael99@example.com,Holy See (Vatican City State)
882,Jason Lindsey,rodriguezalan@example.org,Burkina Faso
883,Mitchell Ballard,crystal01@example.net,Djibouti
884,Charles Barton,tmoreno@example.org,Uruguay
885,Holly Thompson,nicoledavis@example.org,Anguilla
886,Cynthia Gutierrez,qblair@example.net,Jordan
887,Carol Smith,christophermartin@example.org,Italy
888,Valerie Mcgee,amanda25@example.org,United States Minor Outlying Islands
889,Katherine Aguirre,brandonwarner@example.net,Senegal
890,Eric Gregory,lisajohnson@example.com,Finland
891,Pamela Nelson,carolynskinner@example.net,Brazil
892,Deborah Watson,danielpatrick@example.org,Northern Mariana Islands
893,Erica Holmes,aaron42@example.net,Nauru
894,Susan Parker,blakeholt@example.com,Djibouti
895,Matthew Robinson,tylerluna@example.net,Oman
896,Peter Elliott,tim63@example.com,Luxembourg
897,Kevin Moss,carolross@example.org,Turks and Caicos Islands
898,Melinda Hawkins,ilowery@example.com,Austria
899,Brittany Mitchell,hernandezmichael@example.net,Saint Barthelemy
900,Jesse Orr,martindeanna@example.net,Yemen
901,Sheena Ayers,morganhernandez@example.org,Morocco
902,Mrs. Jenna Campos,allisonjimenez@example.com,New Caledonia
903,Kimberly Glover,jillpeterson@example.org,Namibia
904,David Davis,riversdonald@example.net,Bulgaria
905,Amber Leblanc,kendralee@example.org,Bosnia and Herzegovina
906,Amber Snyder,georgegarcia@example.com,Guyana
907,Kelly Clark,xwilliams@example.net,Zambia
908,Misty Hayes,lisahenry@example.net,Palestinian Territory
909,Mackenzie Gilbert,staceywatts@example.net,Turks and Caicos Islands
910,Eric Martin,ryancallahan@example.net,Dominican Republic
911,Todd Lin,tfields@example.net,Cambodia
912,Mrs. Annette Farmer,michelle55@example.net,Saint Martin
913,Cynthia Riddle,perezjasmine@example.net,Andorra
914,Brandy Johnson,gbrown@example.org,Sao Tome and Principe
915,Mary Ryan,collinsgina@example.org,South Georgia and the South Sandwich Islands
916,Jacqueline Andrews,zgamble@example.com,Mozambique
917,Stephanie Meyer,christine57@example.org,Pakistan
918,Brandy Mosley,thomaspayne@example.net,Slovenia
919,Mark Bailey,nchen@example.net,United Arab Emirates
920,Timothy Trevino,gblankenship@example.org,United States Minor Outlying Islands
921,Theresa Carter,roblesjocelyn@example.org,Russian Federation
922,Victoria Freeman,torressteven@example.org,Lithuania
923,Rachel Walker,jenniferthompson@example.org,Mauritania
924,Shawn Hayes,williammurphy@example.com,Solomon Islands
925,Brett Anderson,david17@example.com,Philippines
926,Deborah Weaver,martinezkimberly@example.com,Malaysia
927,Janice Torres,charlestimothy@example.org,Fiji
928,Samantha Hendrix,bethgibbs@example.com,Jordan
929,James Peterson,kelsey15@example.org,Kazakhstan
930,Kelly Medina,obonilla@example.net,Libyan Arab Jamahiriya
931,Courtney Hernandez,chloerobertson@example.com,Croatia
932,William Marshall,davidsonmargaret@example.org,Turkmenistan
933,Pamela Mckinney,smartin@example.com,Rwanda
934,Kristen Bailey,mpayne@example.net,Cuba
935,Angie Park,jtran@example.com,Iceland
936,Christopher Wright,sarah04@example.org,Bahamas
937,Stephanie Schultz,eschultz@example.com,Switzerland
938,Christopher Rogers,williemorris@example.net,Korea
939,Christopher Baldwin,zpaul@example.com,United States of America
940,Mark Neal,kbarnes@example.org,Ethiopia
941,Brian Gilbert,pinedadavid@example.org,Gabon
942,Brandon Torres,stephaniecollins@example.net,Singapore
943,Sarah Stevenson,todd78@example.net,Algeria
944,Dr. Michael Smith,tnelson@example.com,Northern Mariana Islands
945,Bobby Johnson,kennethharris@example.net,Pakistan
946,Jermaine Gonzalez,norma73@example.com,Bosnia and Herzegovina
947,Stacy Kim MD,bryce00@example.net,Iceland
948,Becky Erickson,brownglenn@example.org,Indonesia
949,Theresa Stark DDS,thomashayes@example.net,Bhutan
950,Dr. Gabriel Vazquez,gina44@example.net,Peru
951,Stephanie Richardson,danamorgan@example.org,French Southern Territories
952,Benjamin Barnes,jeremy78@example.net,Guinea-Bissau
953,Devon Bell,rsmith@example.org,Estonia
954,Mr. Matthew Gutierrez MD,marymaxwell@example.com,Poland
955,Gregory Johnson,christina33@example.com,Saudi Arabia
956,Chad Smith,dstewart@example.com,Romania
957,David Thornton,mcintyreadrian@example.org,Guam
958,Amy Rodriguez,josephcoleman@example.org,French Polynesia
959,Rachel Villarreal,xwatkins@example.com,Ireland
960,Debbie Mills,austin42@example.net,Senegal
961,Mark Stein,vpierce@example.com,Sao Tome and Principe
962,Kathleen Hale,jenniferlivingston@example.com,Burundi
963,Marc Garcia,lauragill@example.org,Faroe Islands
964,Dr. Danielle Sloan,linda53@example.com,Mongolia
965,Jason Murray,rhooper@example.com,Mauritania
966,Luis Holland,gilmoremaria@example.net,New Zealand
967,Lee Perez,parkerbrian@example.net,Svalbard & Jan Mayen Islands
968,Kevin Reid,cummingstammy@example.net,Honduras
969,Jason Barker,edaniel@example.com,Eritrea
970,Frank Guzman,rogerssara@example.net,Benin
971,Steven Larson,clifford67@example.com,Ethiopia
972,Kelly Mills,william25@example.com,Wallis and Futuna
973,Christopher Peters,edwardsemily@example.net,Mozambique
974,Leslie Boyle,michaelproctor@example.net,Bolivia
975,Mrs. Gabrielle Woods DDS,deborah78@example.net,Antigua and Barbuda
976,Matthew Thompson,coreyhayden@example.net,Nauru
977,Steven Shelton,lwright@example.net,Ethiopia
978,Steven Smith,carlos70@example.com,Seychelles
979,Gregory Baker,brucecox@example.net,China
980,Anthony Foley,floresdouglas@example.net,Greenland
981,William Morales,brandon75@example.org,Moldova
982,Julie Thompson,nicholeballard@example.com,Philippines
983,Anthony Guerra,zbrooks@example.org,Trinidad and Tobago
984,Craig Wiley,martinpatricia@example.org,Sweden
985,Mia West DVM,dmitchell@example.net,Barbados
986,John Baker,wyattrodgers@example.com,Saint Kitts and Nevis
987,Marcus Thompson,sstewart@example.com,Malta
988,Destiny Coleman,kimberlycooper@example.com,Oman
989,Patrick Reynolds,monica98@example.com,Turkey
990,Deborah Baker,adambennett@example.net,Jordan
991,Nicholas Fisher,victoriamccoy@example.com,San Marino
992,Michael Johnson,holly69@example.com,Lebanon
993,Betty Santos,thomasmalone@example.com,Eritrea
994,Vanessa Mullen,jenniferwood@example.org,Bhutan
995,Sonia Gibson,julie70@example.com,Reunion
996,Steven Shepherd,jonathan92@example.net,New Zealand
997,Richard Henderson,thomasjoyce@example.org,El Salvador
998,Christina Ford,muellermichael@example.com,Papua New Guinea
999,John Gay,sramirez@example.org,Vietnam
1000,Andrew Simon,ashleybrown@example.net,Taiwan
